wall_time,step,simulate/cond_3/mean_score,simulate/cond_5/mean_length,simulate/cond_4/mean_frew
1545817091.778121,135314970,107.53390502929688,165.6666717529297,134.81576538085938
1545817099.243493,135329970,888.0565185546875,946.8214111328125,999.7166748046875
1545817130.261644,135344970,103.07089233398438,276.5,143.84487915039062
1545817137.522469,135359970,651.4339599609375,852.9285888671875,758.7798461914062
1545817165.850224,135374970,204.90802001953125,266.0,250.2515106201172
1545817171.866159,135389970,912.1480102539062,963.0370483398438,1044.134521484375
1545817199.623593,135404970,66.48145294189453,214.25,97.85150146484375
1545817205.67472,135419970,840.9818115234375,964.478271484375,961.8570556640625
1545817233.423761,135434970,137.7641143798828,155.0,166.17047119140625
1545817240.40022,135449970,765.1173706054688,932.5333251953125,890.978759765625
1545817267.955436,135464970,130.14622497558594,255.0,183.11167907714844
1545817275.140362,135479970,746.2114868164062,947.5714111328125,854.3842163085938
1545817302.360815,135494970,224.51161193847656,291.6666564941406,267.0772705078125
1545817309.156242,135509970,758.5269165039062,946.2083129882812,851.328369140625
1545817337.033453,135524970,113.7058334350586,206.75,147.0138702392578
1545817343.00452,135539970,828.849609375,890.413818359375,950.8771362304688
1545817370.842855,135554970,208.63897705078125,366.0,247.1112823486328
1545817376.733489,135569970,932.2673950195312,993.5516967773438,1077.524658203125
1545817404.70525,135584970,211.31304931640625,319.4444580078125,264.4096984863281
1545817411.532798,135599970,758.4763793945312,910.95654296875,871.2332153320312
1545817439.459457,135614970,102.42769622802734,189.39999389648438,131.53274536132812
1545817445.691454,135629970,751.0397338867188,950.6785888671875,857.6204833984375
1545817473.05374,135644970,96.5802230834961,212.0,129.0226593017578
1545817479.884171,135659970,816.6640014648438,915.3928833007812,951.5984497070312
1545817507.558675,135674970,178.47201538085938,260.25,218.43557739257812
1545817514.686074,135689970,815.6764526367188,976.2963256835938,953.381103515625
1545817541.617726,135704970,224.07907104492188,341.75,286.7640380859375
1545817548.521154,135719970,831.7157592773438,935.4483032226562,962.1747436523438
1545817575.612658,135734970,170.44752502441406,246.39999389648438,211.86221313476562
1545817581.809187,135749970,835.1010131835938,983.111083984375,964.5917358398438
1545817609.309509,135764970,164.63204956054688,259.5714416503906,203.88816833496094
1545817615.144543,135779970,731.1845703125,934.4583129882812,868.9611206054688
1545817642.581824,135794970,168.91127014160156,262.75,213.80296325683594
1545817648.394303,135809970,707.4866333007812,916.90478515625,826.4085083007812
1545817676.092942,135824970,132.1552276611328,221.5,167.3672332763672
1545817682.082039,135839970,735.3186645507812,917.1666870117188,881.0974731445312
1545817709.164501,135854970,615.326416015625,477.0,701.5616455078125
1545817715.260133,135869970,903.5743408203125,932.3103637695312,1048.077880859375
1545817742.816561,135884970,57.019378662109375,205.0,89.7402572631836
1545817750.45022,135899970,795.5077514648438,946.0,922.1166381835938
1545817777.042205,135914970,108.67193603515625,332.5,183.81378173828125
1545817784.767106,135929970,840.5072631835938,945.0344848632812,968.5885009765625
1545817811.728477,135944970,331.4090270996094,364.0,405.80126953125
1545817818.894231,135959970,918.9219360351562,976.0,1051.459228515625
1545817846.392141,135974970,196.110595703125,321.20001220703125,241.42056274414062
1545817852.173691,135989970,961.3851318359375,948.1923217773438,1100.1082763671875
1545817879.839102,136004970,169.60855102539062,269.79998779296875,214.6960906982422
1545817885.57617,136019970,770.32470703125,899.1851806640625,886.6581420898438
1545817913.329717,136034970,126.22270965576172,234.14285278320312,164.31239318847656
1545817918.935471,136049970,635.6102294921875,908.7692260742188,749.5322265625
1545817946.582029,136064970,442.4734191894531,451.0,518.1597900390625
1545817952.327615,136079970,737.3853149414062,938.586181640625,853.8711547851562
1545817980.088168,136094970,187.59365844726562,288.6000061035156,237.39395141601562
1545817986.197802,136109970,853.4264526367188,857.1428833007812,970.5421752929688
1545818013.463256,136124970,277.6335144042969,325.0,334.5141296386719
1545818020.758403,136139970,782.5440673828125,860.0,901.6448364257812
1545818047.645219,136154970,156.65692138671875,255.0,190.13462829589844
1545818055.422927,136169970,802.839599609375,931.8333129882812,916.088623046875
1545818082.669263,136184970,204.8908233642578,301.0,243.45281982421875
1545818090.279923,136199970,804.7728881835938,943.0714111328125,921.1192016601562
1545818117.820937,136214970,65.8425521850586,194.0,94.86927032470703
1545818123.434369,136229970,988.424072265625,981.0740966796875,1115.35791015625
1545818151.122614,136244970,267.47967529296875,401.0,325.5187072753906
1545818156.914185,136259970,726.8509521484375,832.586181640625,834.5657348632812
1545818184.616148,136274970,95.07549285888672,206.39999389648438,126.41938781738281
1545818190.301209,136289970,853.9640502929688,943.6666870117188,983.8825073242188
1545818218.20578,136304970,179.5436248779297,217.60000610351562,221.2219696044922
1545818223.977556,136319970,805.5116577148438,952.47998046875,941.6953125
1545818252.694961,136334970,166.21749877929688,230.3000030517578,201.377685546875
1545818259.887881,136349970,729.468994140625,864.875,828.341064453125
1545818286.917317,136364970,65.21607971191406,252.25,106.6897201538086
1545818294.741362,136379970,808.7161254882812,924.862060546875,931.8192138671875
1545818322.150513,136394970,168.78457641601562,338.20001220703125,222.64132690429688
1545818329.067094,136409970,706.3870239257812,897.7692260742188,812.5140380859375
1545818356.693644,136424970,161.39173889160156,240.39999389648438,203.7914581298828
1545818362.612575,136439970,669.7406616210938,921.5,790.9113159179688
1545818390.462429,136454970,142.15684509277344,257.5714416503906,178.5863494873047
1545818395.989773,136469970,801.7384643554688,991.0416870117188,918.1810913085938
1545818423.679091,136484970,205.3201141357422,321.0,260.6948547363281
1545818430.001409,136499970,835.23779296875,986.5357055664062,971.6257934570312
1545818457.88944,136514970,176.2613983154297,287.3333435058594,217.35585021972656
1545818463.684998,136529970,883.9583740234375,927.7391357421875,1002.0671997070312
1545818491.579518,136544970,211.44268798828125,324.0,263.7638244628906
1545818498.13756,136559970,799.061767578125,945.0740966796875,908.6558227539062
1545818525.218334,136574970,83.88272094726562,202.22222900390625,112.95809173583984
1545818533.057602,136589970,757.5741577148438,958.9130249023438,870.8179931640625
1545818559.522205,136604970,217.2145538330078,273.79998779296875,253.67654418945312
1545818567.100616,136619970,848.0557250976562,881.04345703125,943.861083984375
1545818594.159534,136634970,228.38197326660156,336.1111145019531,274.7774353027344
1545818600.612,136649970,757.849609375,940.5454711914062,852.489013671875
1545818628.394506,136664970,125.08303833007812,270.0,166.8877410888672
1545818634.083196,136679970,837.6885986328125,952.8846435546875,980.4110717773438
1545818661.68887,136694970,155.88565063476562,292.79998779296875,185.46493530273438
1545818667.230778,136709970,619.831298828125,979.8800048828125,733.3570556640625
1545818694.999248,136724970,141.92893981933594,274.6000061035156,174.5230712890625
1545818700.851764,136739970,668.3216552734375,894.8275756835938,771.7279052734375
1545818728.583925,136754970,261.9503479003906,290.3333435058594,298.5144348144531
1545818734.377111,136769970,774.3060302734375,867.5357055664062,901.2371826171875
1545818762.258286,136784970,367.0224304199219,433.0,423.7520446777344
1545818769.908074,136799970,701.5606689453125,979.5555419921875,844.6286010742188
1545818796.99534,136814970,149.77850341796875,250.5,187.37753295898438
1545818804.867861,136829970,882.2872314453125,881.2963256835938,997.717529296875
1545818831.88338,136844970,221.3462371826172,330.3999938964844,264.205078125
1545818838.823212,136859970,876.7890014648438,917.3571166992188,1002.6671752929688
1545818866.421465,136874970,252.4578857421875,366.1666564941406,304.0332336425781
1545818872.421317,136889970,912.3917846679688,895.0740966796875,1037.80712890625
1545818900.184249,136904970,265.1916198730469,357.5,310.8870544433594
1545818905.840884,136919970,804.9525756835938,942.4000244140625,915.4927368164062
1545818933.554881,136934970,115.61872100830078,274.5,150.28759765625
1545818939.180861,136949970,751.1920776367188,885.5,852.1188354492188
1545818967.069777,136964970,155.86154174804688,275.0,192.29312133789062
1545818972.75526,136979970,877.8699951171875,931.2692260742188,997.681640625
1545819000.568708,136994970,290.3619689941406,389.5,356.684326171875
1545819006.719519,137009970,869.4091796875,960.0714111328125,984.0106201171875
1545819034.197739,137024970,190.76210021972656,247.3333282470703,229.7796630859375
1545819041.877629,137039970,710.8221435546875,913.1538696289062,810.8787841796875
1545819069.156761,137054970,192.873779296875,275.8333435058594,225.8113250732422
1545819076.860011,137069970,913.9591064453125,938.7307739257812,1050.470458984375
1545819103.648754,137084970,252.95668029785156,358.0,296.8910217285156
1545819111.15429,137099970,734.189697265625,979.5599975585938,863.6261596679688
1545819138.977413,137114970,153.48289489746094,294.0,186.81886291503906
1545819144.618689,137129970,781.6194458007812,964.8214111328125,904.4186401367188
1545819172.292072,137144970,108.65324401855469,233.25,138.19720458984375
1545819177.977831,137159970,607.6002197265625,898.0357055664062,703.7525634765625
1545819205.471544,137174970,143.78884887695312,273.0,182.72274780273438
1545819211.164129,137189970,813.1961669921875,970.2692260742188,924.009521484375
1545819238.800186,137204970,390.48577880859375,396.0,449.84588623046875
1545819244.499995,137219970,940.283935546875,938.5333251953125,1058.7265625
1545819272.190747,137234970,238.3387451171875,299.0,286.0830383300781
1545819279.002604,137249970,734.7704467773438,971.6428833007812,856.3059692382812
1545819306.556227,137264970,228.09002685546875,309.75,267.30718994140625
1545819315.153156,137279970,758.8013916015625,959.1153564453125,884.5692749023438
1545819342.273321,137294970,230.42721557617188,329.0,284.44659423828125
1545819349.228509,137309970,739.5881958007812,945.0,867.8838500976562
1545819376.793174,137324970,241.41326904296875,243.0,267.2786865234375
1545819382.633523,137339970,876.17626953125,980.25,1004.3104858398438
1545819410.293259,137354970,29.827863693237305,146.3333282470703,51.59156799316406
1545819415.943424,137369970,836.480224609375,976.2222290039062,959.332275390625
1545819443.379279,137384970,141.7628173828125,212.5,170.8922119140625
1545819449.736398,137399970,784.7044067382812,967.9615478515625,899.4744873046875
1545819477.364464,137414970,131.05064392089844,344.5,172.28173828125
1545819483.091619,137429970,937.3458862304688,930.1666870117188,1065.7496337890625
1545819510.705221,137444970,195.23439025878906,349.6666564941406,239.18858337402344
1545819516.84148,137459970,932.2954711914062,967.7777709960938,1071.47998046875
1545819543.900884,137474970,173.0135955810547,242.0,207.93902587890625
1545819551.333381,137489970,832.88916015625,935.1428833007812,949.2603759765625
1545819578.376222,137504970,200.27195739746094,393.3333435058594,245.6775360107422
1545819586.190354,137519970,892.2456665039062,960.370361328125,1023.7113647460938
1545819612.949365,137534970,183.17330932617188,300.5,225.95382690429688
1545819619.675399,137549970,761.4996337890625,981.7307739257812,891.9463500976562
1545819647.193384,137564970,92.3431167602539,219.6666717529297,117.972412109375
1545819652.922839,137579970,905.3402099609375,979.6666870117188,1026.8095703125
1545819680.59633,137594970,219.8305206298828,255.5,256.6287536621094
1545819686.211367,137609970,906.2857666015625,917.4615478515625,1038.020263671875
1545819713.843168,137624970,257.9339904785156,345.6666564941406,304.7034606933594
1545819719.374595,137639970,982.1300659179688,983.6071166992188,1112.442138671875
1545819746.892619,137654970,222.36590576171875,255.5,260.0619201660156
1545819752.63942,137669970,817.0948486328125,927.25,937.3551025390625
1545819780.263081,137684970,78.41410827636719,189.39999389648438,100.3097152709961
1545819787.195816,137699970,790.4960327148438,930.5384521484375,918.7801513671875
1545819814.400349,137714970,236.4133758544922,304.1666564941406,271.5915222167969
1545819821.969536,137729970,939.263427734375,930.3846435546875,1055.778564453125
1545819848.465917,137744970,254.76248168945312,327.5,312.11798095703125
1545819856.281143,137759970,912.1555786132812,985.6923217773438,1055.3758544921875
1545819882.788258,137774970,104.49104309082031,294.5,141.87442016601562
1545819889.718995,137789970,934.3238525390625,973.5714111328125,1059.6588134765625
1545819917.037523,137804970,130.01483154296875,208.5,157.35777282714844
1545819922.832354,137819970,764.2595825195312,914.9285888671875,876.0396118164062
1545819950.197326,137834970,171.6153564453125,241.0,208.07901000976562
1545819955.807489,137849970,872.451416015625,924.1481323242188,989.65478515625
1545819983.31842,137864970,88.49243927001953,175.1999969482422,118.51979064941406
1545819988.922616,137879970,987.6722412109375,906.0,1117.5296630859375
1545820016.2796,137894970,65.07720184326172,269.0,92.5287857055664
1545820021.927993,137909970,839.4263916015625,995.7857055664062,954.5279541015625
1545820049.498086,137924970,129.67173767089844,224.39999389648438,162.9903564453125
1545820055.293473,137939970,848.4949340820312,936.8148193359375,966.3617553710938
1545820082.702682,137954970,244.9054412841797,321.0,293.56268310546875
1545820089.66968,137969970,783.3247680664062,883.4642944335938,894.4520874023438
1545820116.358183,137984970,187.23403930664062,276.20001220703125,229.4125213623047
1545820125.264292,137999970,788.021728515625,929.4074096679688,917.1586303710938
1545820152.131978,138014970,207.8668670654297,265.5,243.5050811767578
1545820159.037419,138029970,824.9686889648438,951.2916870117188,945.8944702148438
1545820186.247355,138044970,95.06314849853516,202.0,126.78628540039062
1545820192.117755,138059970,901.4927368164062,920.0,1033.3411865234375
1545820219.615409,138074970,151.63265991210938,276.0,188.46884155273438
1545820225.201271,138089970,971.359375,928.7857055664062,1084.5321044921875
1545820252.58842,138104970,141.25901794433594,248.6666717529297,175.73297119140625
1545820258.290813,138119970,769.6476440429688,909.2413940429688,895.1489868164062
1545820285.676448,138134970,79.25845336914062,281.0,127.27406311035156
1545820291.372541,138149970,880.968505859375,959.280029296875,1007.1002197265625
1545820318.968752,138164970,154.71218872070312,328.5,205.94744873046875
1545820324.692204,138179970,836.7965698242188,963.423095703125,954.4530639648438
1545820352.257992,138194970,135.49481201171875,334.5,170.9392547607422
1545820358.973641,138209970,844.459228515625,983.2069091796875,959.2193603515625
1545820385.649118,138224970,140.01023864746094,222.75,171.85958862304688
1545820393.496111,138239970,936.6491088867188,971.4444580078125,1052.3212890625
1545820420.165407,138254970,263.1214599609375,299.20001220703125,300.493408203125
1545820427.594786,138269970,838.4972534179688,904.7142944335938,962.9979858398438
1545820454.598994,138284970,128.5829315185547,242.39999389648438,160.07907104492188
1545820461.803052,138299970,872.0332641601562,958.1923217773438,995.2340698242188
1545820489.212,138314970,167.77383422851562,278.1428527832031,206.66378784179688
1545820494.797791,138329970,971.750732421875,946.8400268554688,1095.2230224609375
1545820522.595665,138344970,220.8306121826172,472.0,295.0025329589844
1545820528.25663,138359970,929.466552734375,944.862060546875,1051.866455078125
1545820556.691427,138374970,125.53978729248047,224.5,162.81692504882812
1545820563.082746,138389970,852.6861572265625,885.4000244140625,968.4912109375
1545820592.494372,138404970,331.5533447265625,314.5,371.53753662109375
1545820599.857846,138419970,761.7171020507812,896.7666625976562,867.6333618164062
1545820628.239966,138434970,158.53648376464844,284.8571472167969,198.681640625
1545820636.017337,138449970,904.083251953125,972.6799926757812,1037.7113037109375
1545820662.908114,138464970,210.03607177734375,256.625,250.70901489257812
1545820669.724587,138479970,915.2570190429688,910.6799926757812,1019.9547119140625
1545820697.359383,138494970,186.03131103515625,273.3333435058594,224.21481323242188
1545820703.156311,138509970,812.453125,914.9166870117188,924.5509643554688
1545820730.796313,138524970,165.53536987304688,300.5,204.8849334716797
1545820736.488176,138539970,908.0046997070312,946.0740966796875,1022.9877319335938
1545820764.065572,138554970,151.5628662109375,290.3333435058594,180.87567138671875
1545820769.639158,138569970,957.8143310546875,943.7692260742188,1076.109130859375
1545820797.237343,138584970,-20.92369270324707,125.0,-3.6306445598602295
1545820803.878537,138599970,907.218017578125,965.3103637695312,1016.8939208984375
1545820831.372809,138614970,202.6566162109375,248.0,235.1138916015625
1545820837.781401,138629970,830.6780395507812,951.3571166992188,954.96533203125
1545820864.56217,138644970,161.7624053955078,212.0,194.3267364501953
1545820872.189342,138659970,863.3319702148438,893.0,971.89501953125
1545820898.797276,138674970,131.43655395507812,242.0,164.60499572753906
1545820906.503271,138689970,826.2625732421875,903.0,944.4119262695312
1545820933.211054,138704970,223.8809051513672,306.3999938964844,260.3492736816406
1545820939.834887,138719970,824.1744995117188,953.4615478515625,935.3485717773438
1545820967.752687,138734970,100.6617660522461,179.25,127.66539001464844
1545820973.462821,138749970,995.7665405273438,968.2307739257812,1123.4801025390625
1545821000.782658,138764970,181.4136505126953,266.1666564941406,226.4898223876953
1545821006.304999,138779970,948.990478515625,939.423095703125,1063.4671630859375
1545821033.638643,138794970,113.9156494140625,213.0,144.51853942871094
1545821039.173985,138809970,956.8463745117188,941.3333129882812,1086.34375
1545821066.393956,138824970,167.23362731933594,244.6666717529297,199.83203125
1545821071.916824,138839970,967.7747192382812,1000.0,1096.6929931640625
1545821099.157294,138854970,135.07174682617188,266.75,177.55360412597656
1545821104.824238,138869970,773.9014282226562,958.2857055664062,887.1931762695312
1545821132.911019,138884970,260.0985107421875,296.0,316.09490966796875
1545821140.526757,138899970,789.66064453125,960.5172119140625,895.3646240234375
1545821168.193287,138914970,212.0010528564453,268.3333435058594,248.7178497314453
1545821175.515161,138929970,802.7920532226562,951.4285888671875,918.1001586914062
1545821203.276178,138944970,94.88644409179688,256.5,123.4610595703125
1545821209.862151,138959970,662.7906494140625,861.6666870117188,750.6299438476562
1545821237.487702,138974970,155.700927734375,301.5,189.643310546875
1545821243.365066,138989970,959.8384399414062,984.3461303710938,1082.7952880859375
1545821271.046704,139004970,128.3456573486328,248.25,152.14480590820312
1545821276.566422,139019970,920.2962646484375,947.4642944335938,1036.7117919921875
1545821304.247099,139034970,131.59616088867188,221.6999969482422,162.52525329589844
1545821309.748219,139049970,1018.9502563476562,989.6087036132812,1141.803466796875
1545821337.031861,139064970,103.54912567138672,195.0,130.20750427246094
1545821342.632879,139079970,969.190673828125,987.5184936523438,1094.3856201171875
1545821369.920441,139094970,216.60116577148438,359.5714416503906,262.9836120605469
1545821375.922455,139109970,701.1627807617188,923.5416870117188,809.0810546875
1545821403.18474,139124970,181.03538513183594,253.0,207.101318359375
1545821410.178009,139139970,938.2000732421875,951.5184936523438,1058.5360107421875
1545821436.58752,139154970,105.4162368774414,241.39999389648438,129.80615234375
1545821444.887874,139169970,980.7457275390625,995.0,1097.937744140625
1545821471.862082,139184970,186.6546173095703,273.4166564941406,225.4531707763672
1545821479.57846,139199970,877.68115234375,895.6087036132812,986.41748046875
1545821507.830858,139214970,197.4315948486328,315.5,230.1245880126953
1545821513.40876,139229970,855.5389404296875,946.25,968.6442260742188
1545821540.768826,139244970,137.9420166015625,262.0,167.51065063476562
1545821546.362315,139259970,751.9598388671875,897.076904296875,842.2418823242188
1545821573.948377,139274970,300.2039489746094,350.20001220703125,350.6054992675781
1545821579.59602,139289970,822.1312255859375,916.5184936523438,942.500244140625
1545821606.871178,139304970,169.20826721191406,304.3333435058594,215.662353515625
1545821612.500729,139319970,929.1449584960938,985.2222290039062,1049.7911376953125
1545821639.855448,139334970,239.84039306640625,319.0,281.90594482421875
1545821645.777656,139349970,840.7469482421875,909.7692260742188,938.2373046875
1545821672.829911,139364970,186.6488037109375,274.0,218.7116241455078
1545821679.829732,139379970,783.4912719726562,883.9310302734375,885.3451538085938
1545821706.401295,139394970,98.77325439453125,244.3333282470703,123.46907806396484
1545821714.334135,139409970,919.1959228515625,936.8461303710938,1035.1513671875
1545821740.9592,139424970,142.87860107421875,304.125,179.47625732421875
1545821748.163446,139439970,846.6022338867188,956.3478393554688,959.2757568359375
1545821775.047667,139454970,309.2907409667969,439.0,379.1582336425781
1545821781.183592,139469970,794.9639892578125,921.8518676757812,881.2064819335938
1545821808.670185,139484970,144.22976684570312,279.5,179.57308959960938
1545821815.095099,139499970,887.2452392578125,933.4815063476562,1006.3968505859375
1545821842.290528,139514970,227.7667999267578,293.0,263.542236328125
1545821847.821488,139529970,914.375,957.0,1038.0224609375
1545821875.152215,139544970,412.3749084472656,335.0,445.4276428222656
1545821880.84763,139559970,825.8479614257812,896.0,936.8158569335938
1545821908.178128,139574970,162.6289825439453,223.0,190.54295349121094
1545821913.875294,139589970,775.5219116210938,969.8571166992188,886.2841796875
1545821947.731763,139619970,972.8492431640625,962.2000122070312,1100.344482421875
1545821974.33122,139634970,109.55109405517578,243.5,150.55259704589844
1545821981.73234,139649970,986.2196655273438,991.4615478515625,1098.433349609375
1545822008.359448,139664970,250.41041564941406,296.28570556640625,295.8406066894531
1545822016.131359,139679970,793.4772338867188,933.3912963867188,902.3569946289062
1545822042.556561,139694970,213.86105346679688,274.0,247.82473754882812
1545822049.359501,139709970,843.1668090820312,942.1785888671875,947.2039184570312
1545822076.445117,139724970,84.68743896484375,229.0,119.2774658203125
1545822082.235717,139739970,848.1338500976562,1000.0,957.9771728515625
1545822109.482222,139754970,193.39300537109375,444.0,237.98788452148438
1545822115.077071,139769970,917.6550903320312,947.4000244140625,1041.1270751953125
1545822142.336702,139784970,183.7382049560547,292.5,211.95033264160156
1545822148.688172,139799970,874.4462890625,929.3214111328125,991.9758911132812
1545822176.247763,139814970,242.6616973876953,259.8571472167969,275.66552734375
1545822181.977646,139829970,880.3870239257812,951.5833129882812,991.91455078125
1545822209.256913,139844970,191.6103515625,262.6666564941406,233.65919494628906
1545822214.909462,139859970,853.9130249023438,970.9629516601562,991.2055053710938
1545822242.440162,139874970,256.8292541503906,319.0,304.42236328125
1545822249.078569,139889970,1007.79638671875,971.862060546875,1123.734130859375
1545822275.297138,139904970,196.5786590576172,262.6000061035156,223.2841796875
1545822283.093888,139919970,791.62548828125,944.0800170898438,912.6941528320312
1545822310.456341,139934970,183.57321166992188,294.0,232.84280395507812
1545822318.033939,139949970,933.6151733398438,956.923095703125,1052.9852294921875
1545822345.481083,139964970,344.70526123046875,366.0,410.04833984375
1545822351.576689,139979970,883.614013671875,951.8148193359375,1006.5955810546875
1545822379.246573,139994970,186.2184600830078,294.81817626953125,233.90179443359375
1545822384.773068,140009970,838.7542724609375,864.5,960.1056518554688
1545822412.327603,140024970,199.4895782470703,327.1666564941406,237.74029541015625
1545822417.792957,140039970,923.528076171875,1000.0,1068.650634765625
1545822445.329554,140054970,214.8048858642578,316.79998779296875,258.6195983886719
1545822450.942739,140069970,902.6808471679688,951.52001953125,1032.4879150390625
1545822478.358873,140084970,132.965576171875,266.25,169.50027465820312
1545822484.856145,140099970,838.3878784179688,903.6333618164062,946.7155151367188
1545822512.119414,140114970,336.66046142578125,290.0,378.09796142578125
1545822518.727174,140129970,944.145263671875,954.576904296875,1064.14599609375
1545822544.943026,140144970,53.81464385986328,109.0,65.55046844482422
1545822552.650619,140159970,928.3875122070312,945.2999877929688,1068.5755615234375
1545822579.259277,140174970,107.73905944824219,207.75,140.89675903320312
1545822586.940756,140189970,960.0371704101562,976.5384521484375,1078.050537109375
1545822613.154541,140204970,147.0822296142578,237.60000610351562,177.5226593017578
1545822619.64278,140219970,778.9879760742188,967.1538696289062,896.6703491210938
1545822646.700801,140234970,256.77398681640625,273.20001220703125,294.55718994140625
1545822652.427744,140249970,987.6868896484375,966.3846435546875,1106.23193359375
1545822685.018574,140279970,961.7228393554688,961.3333129882812,1066.94287109375
1545822712.238056,140294970,205.4194793701172,304.0,242.0930633544922
1545822717.759545,140309970,897.7410278320312,932.4285888671875,1006.33544921875
1545822745.037521,140324970,425.33154296875,392.5,470.1812744140625
1545822750.686239,140339970,894.7621459960938,929.1724243164062,1011.307373046875
1545822777.830929,140354970,253.59072875976562,365.79998779296875,303.4079284667969
1545822783.537454,140369970,893.85107421875,901.4815063476562,1004.764892578125
1545822810.857065,140384970,205.6615753173828,240.39999389648438,234.12838745117188
1545822817.784336,140399970,1080.656494140625,975.7692260742188,1212.284912109375
1545822844.427962,140414970,123.70088958740234,250.60000610351562,157.65139770507812
1545822851.900894,140429970,882.806396484375,945.8518676757812,996.9266357421875
1545822878.00504,140444970,207.538330078125,316.75,243.61972045898438
1545822885.705633,140459970,935.0891723632812,1000.0,1038.6668701171875
1545822911.93026,140474970,152.16915893554688,269.1428527832031,191.4721221923828
1545822919.126781,140489970,736.2743530273438,962.4166870117188,834.649658203125
1545822945.780257,140504970,119.1789321899414,221.60000610351562,151.0164794921875
1545822951.791551,140519970,797.5347900390625,935.7692260742188,909.2260131835938
1545822978.91667,140534970,225.6039581298828,339.5,270.50445556640625
1545822984.451266,140549970,836.8232421875,952.423095703125,947.1005249023438
1545823011.569153,140564970,140.80575561523438,233.5,168.7315216064453
1545823016.989484,140579970,1105.4267578125,997.3214111328125,1232.673095703125
1545823044.316151,140594970,176.61903381347656,279.1666564941406,208.11431884765625
1545823049.775182,140609970,931.5360107421875,972.076904296875,1058.4715576171875
1545823077.203475,140624970,132.5081787109375,216.5,151.21730041503906
1545823082.881762,140639970,954.7780151367188,960.4642944335938,1094.814697265625
1545823109.994723,140654970,171.06056213378906,349.3333435058594,211.751220703125
1545823115.865511,140669970,845.2218017578125,960.1481323242188,954.7681274414062
1545823143.038098,140684970,99.05203247070312,235.5,115.75993347167969
1545823150.914587,140699970,863.1860961914062,943.1785888671875,969.7703857421875
1545823178.353629,140714970,247.84840393066406,366.6666564941406,297.3573303222656
1545823186.106053,140729970,1027.171875,988.5416870117188,1148.1695556640625
1545823212.49016,140744970,408.4165954589844,346.0,448.93505859375
1545823219.932184,140759970,880.1647338867188,964.27587890625,994.1219482421875
1545823247.035615,140774970,178.3079376220703,213.5,206.38589477539062
1545823252.774011,140789970,783.88330078125,897.75,899.9584350585938
1545823280.04381,140804970,313.968994140625,367.25,361.23858642578125
1545823285.541387,140819970,993.2672119140625,945.4815063476562,1119.7464599609375
1545823312.718257,140834970,165.15069580078125,368.0,207.66610717773438
1545823318.153252,140849970,1066.7547607421875,982.862060546875,1194.077392578125
1545823345.791923,140864970,189.34420776367188,287.25,230.75457763671875
1545823351.323261,140879970,986.1747436523438,1000.0,1124.1197509765625
1545823378.469931,140894970,155.2131805419922,242.0,185.9242706298828
1545823384.106166,140909970,972.4771118164062,954.9199829101562,1086.73486328125
1545823411.604581,140924970,132.9925994873047,198.3333282470703,163.48533630371094
1545823417.879759,140939970,906.3834838867188,970.8518676757812,1041.041259765625
1545823444.503996,140954970,192.1139678955078,301.1666564941406,229.7190704345703
1545823451.955786,140969970,965.3087158203125,937.3461303710938,1092.578125
1545823478.094681,140984970,159.12911987304688,259.4285583496094,194.2583770751953
1545823486.763223,140999970,872.141357421875,902.3461303710938,979.109375
1545823513.097032,141014970,166.16470336914062,324.4285583496094,203.5012664794922
1545823519.971941,141029970,970.6515502929688,942.5,1105.24609375
1545823547.461075,141044970,282.3838195800781,417.75,327.1557922363281
1545823553.030025,141059970,978.6762084960938,986.923095703125,1090.364990234375
1545823580.314054,141074970,212.3212890625,304.79998779296875,257.7807312011719
1545823585.81929,141089970,903.6123657226562,925.4285888671875,1038.2872314453125
1545823613.32682,141104970,121.99604034423828,200.0,141.73147583007812
1545823618.812097,141119970,931.7935791015625,926.5516967773438,1059.688232421875
1545823645.90315,141134970,98.12516784667969,234.60000610351562,130.00762939453125
1545823651.576099,141149970,866.6678466796875,896.0357055664062,982.3792724609375
1545823678.983988,141164970,147.33009338378906,316.5,191.2099609375
1545823684.650216,141179970,979.9952392578125,954.25927734375,1116.4912109375
1545823712.039492,141194970,140.0080108642578,240.60000610351562,174.70468139648438
1545823718.439191,141209970,890.1148681640625,991.923095703125,1015.7474365234375
1545823745.016427,141224970,131.34288024902344,229.0,158.90638732910156
1545823752.553141,141239970,792.839599609375,951.8148193359375,923.484130859375
1545823778.847087,141254970,157.42013549804688,265.75,200.24949645996094
1545823786.481297,141269970,858.3832397460938,960.3333129882812,982.3984375
1545823812.84948,141284970,368.92095947265625,404.20001220703125,427.14971923828125
1545823820.395237,141299970,926.3021240234375,987.8800048828125,1063.9619140625
1545823847.655934,141314970,177.04930114746094,317.75,230.62376403808594
1545823853.225483,141329970,823.8164672851562,909.6428833007812,944.9594116210938
1545823880.412724,141344970,254.53607177734375,320.25,300.57879638671875
1545823885.907934,141359970,808.4601440429688,970.888916015625,905.631103515625
1545823913.288947,141374970,243.60519409179688,282.25,287.4077453613281
1545823918.714052,141389970,847.1604614257812,960.888916015625,970.7359008789062
1545823945.925392,141404970,180.3824005126953,202.5,205.72071838378906
1545823951.602207,141419970,820.595703125,948.6153564453125,915.5507202148438
1545823978.774644,141434970,193.4279022216797,271.0,238.4090576171875
1545823984.363482,141449970,924.8257446289062,983.6666870117188,1046.3489990234375
1545824011.817691,141464970,218.13693237304688,288.5,257.0897521972656
1545824018.16322,141479970,876.4149780273438,951.9642944335938,1003.2908935546875
1545824044.854626,141494970,242.1836395263672,330.0,292.1737365722656
1545824052.405071,141509970,947.55078125,921.0370483398438,1071.2926025390625
1545824078.582138,141524970,174.0662841796875,256.0,197.2498321533203
1545824086.20486,141539970,813.68798828125,979.5925903320312,930.8484497070312
1545824112.764632,141554970,230.0249786376953,342.4285583496094,270.3887023925781
1545824119.548427,141569970,962.0699462890625,1000.0,1098.2794189453125
1545824146.882984,141584970,214.0178680419922,264.3333435058594,249.729248046875
1545824153.619309,141599970,644.8320922851562,861.9310302734375,730.4247436523438
1545824181.193678,141614970,147.53530883789062,272.3999938964844,174.21539306640625
1545824186.698368,141629970,848.9299926757812,935.3461303710938,977.0810546875
1545824214.127651,141644970,125.21434020996094,315.0,158.02667236328125
1545824219.602014,141659970,1021.7463989257812,971.0,1134.8388671875
1545824247.368754,141674970,240.56564331054688,315.0,285.2236022949219
1545824252.92895,141689970,808.8292236328125,897.4347534179688,935.9008178710938
1545824281.067797,141704970,201.06346130371094,254.25,236.91409301757812
1545824287.367846,141719970,820.8289184570312,872.5999755859375,924.6603393554688
1545824314.08092,141734970,337.07928466796875,326.25,388.6832580566406
1545824321.423464,141749970,910.0964965820312,971.1481323242188,1037.287841796875
1545824348.213994,141764970,144.82479858398438,227.0,179.9688720703125
1545824355.953546,141779970,1086.5216064453125,963.8965454101562,1225.4677734375
1545824383.236137,141794970,201.2635498046875,334.6666564941406,236.5123748779297
1545824389.978123,141809970,849.634765625,965.3333129882812,965.469482421875
1545824417.179388,141824970,121.26628112792969,240.5,147.47232055664062
1545824423.004349,141839970,747.9464111328125,917.2999877929688,879.1349487304688
1545824450.360316,141854970,105.10172271728516,252.0,141.72601318359375
1545824455.942854,141869970,730.6578979492188,875.25927734375,834.7133178710938
1545824483.460126,141884970,136.6568603515625,222.5,168.78053283691406
1545824489.810422,141899970,973.42822265625,983.1724243164062,1097.607666015625
1545824517.51304,141914970,151.97494506835938,269.79998779296875,178.8792266845703
1545824523.127735,141929970,815.158935546875,971.5599975585938,935.5167846679688
1545824556.449451,141959970,955.175048828125,965.225830078125,1088.3614501953125
1545824583.538036,141974970,192.033203125,269.25,232.98922729492188
1545824590.809757,141989970,906.3755493164062,968.7036743164062,1039.4713134765625
1545824617.306473,142004970,272.8836975097656,369.0,326.964111328125
1545824624.956957,142019970,1070.6484375,958.2963256835938,1207.5921630859375
1545824651.462734,142034970,258.0127258300781,279.6666564941406,297.6841735839844
1545824658.692464,142049970,864.7411499023438,954.8400268554688,980.777587890625
1545824685.513377,142064970,115.81887817382812,190.88888549804688,141.95016479492188
1545824691.51082,142079970,1017.68701171875,978.6956787109375,1168.3310546875
1545824718.882011,142094970,130.70767211914062,236.0,167.57159423828125
1545824724.368178,142109970,953.1182250976562,994.25927734375,1083.4434814453125
1545824752.270887,142124970,213.942138671875,298.3999938964844,257.28204345703125
1545824757.738156,142139970,824.7564697265625,939.2307739257812,933.4260864257812
1545824785.219275,142154970,100.13224792480469,185.8000030517578,127.3782958984375
1545824790.722068,142169970,902.6495971679688,954.3333129882812,1033.7242431640625
1545824818.086175,142184970,175.2986602783203,339.0,219.019775390625
1545824824.37466,142199970,904.9586181640625,978.7777709960938,1040.4476318359375
1545824852.051801,142214970,171.66598510742188,250.77777099609375,207.734130859375
1545824858.666794,142229970,872.9949951171875,864.52001953125,984.90283203125
1545824885.210157,142244970,119.26344299316406,219.5,152.71031188964844
1545824892.887631,142259970,879.3977661132812,974.25,1015.0875244140625
1545824919.652435,142274970,178.92666625976562,352.5,239.32199096679688
1545824927.200967,142289970,920.888427734375,992.3846435546875,1055.165283203125
1545824953.750995,142304970,143.69261169433594,318.0,177.10781860351562
1545824960.221885,142319970,913.9415283203125,978.2692260742188,1047.717529296875
1545824987.641692,142334970,596.6793823242188,454.0,669.0109252929688
1545824993.288348,142349970,1057.2998046875,983.9655151367188,1199.765380859375
1545825020.640647,142364970,141.1563262939453,267.28570556640625,181.393798828125
1545825026.063694,142379970,932.8717651367188,972.375,1064.5557861328125
1545825053.450469,142394970,150.03689575195312,269.4285583496094,191.1490936279297
1545825058.946515,142409970,727.6985473632812,955.521728515625,844.8246459960938
1545825086.455782,142424970,158.2313690185547,252.8333282470703,193.9705047607422
1545825092.132739,142439970,895.7225952148438,899.5555419921875,1014.1284790039062
1545825119.528303,142454970,195.37979125976562,350.1428527832031,250.59947204589844
1545825125.414397,142469970,862.25,908.576904296875,989.7322998046875
1545825152.860486,142484970,113.81841278076172,219.0,140.5911865234375
1545825160.494292,142499970,946.6729736328125,985.0370483398438,1087.64794921875
1545825187.028731,142514970,150.51708984375,217.75,184.2687530517578
1545825194.749892,142529970,956.7996826171875,919.8214111328125,1084.4229736328125
1545825221.161695,142544970,242.6538848876953,339.79998779296875,287.53485107421875
1545825228.548748,142559970,771.09814453125,941.719970703125,903.6085815429688
1545825255.437292,142574970,131.39483642578125,187.5,163.53216552734375
1545825261.501062,142589970,983.2098999023438,945.7857055664062,1107.5013427734375
1545825288.852214,142604970,244.28338623046875,334.25,296.0909423828125
1545825294.396267,142619970,900.5980834960938,947.2307739257812,1027.6217041015625
1545825321.844186,142634970,219.92385864257812,313.79998779296875,262.1077880859375
1545825327.492513,142649970,828.93408203125,906.370361328125,966.064453125
1545825355.2576,142664970,145.7747039794922,222.0,176.3372344970703
1545825360.869041,142679970,789.2586669921875,942.1851806640625,902.0402221679688
1545825388.270196,142694970,149.0159912109375,475.0,226.69161987304688
1545825393.845893,142709970,903.280517578125,977.0689697265625,1033.113037109375
1545825421.832872,142724970,188.60638427734375,308.5555419921875,231.94268798828125
1545825428.169918,142739970,682.684326171875,914.6666870117188,804.2507934570312
1545825454.768246,142754970,236.28184509277344,357.25,296.69378662109375
1545825462.29421,142769970,691.670166015625,831.258056640625,812.4570922851562
1545825488.983341,142784970,131.3668975830078,293.79998779296875,162.6873779296875
1545825497.693031,142799970,798.6290283203125,909.111083984375,922.3753051757812
1545825524.490349,142814970,176.6254425048828,316.20001220703125,218.2208709716797
1545825530.851402,142829970,839.5840454101562,950.0399780273438,966.0292358398438
1545825558.027097,142844970,133.02491760253906,258.5,161.78814697265625
1545825563.734944,142859970,721.1941528320312,858.370361328125,835.1116333007812
1545825591.601725,142874970,172.51747131347656,279.3333435058594,212.89979553222656
1545825597.406705,142889970,923.767333984375,950.629638671875,1052.6220703125
1545825624.788896,142904970,132.7480010986328,195.8000030517578,157.859130859375
1545825630.305746,142919970,858.727294921875,977.0399780273438,985.6565551757812
1545825663.580447,142949970,946.057373046875,910.225830078125,1077.4908447265625
1545825691.009976,142964970,178.08291625976562,258.5,210.89862060546875
1545825697.014347,142979970,820.7007446289062,958.6428833007812,945.5391235351562
1545825723.818351,142994970,194.76513671875,256.0,235.5575714111328
1545825730.87513,143009970,833.97314453125,900.4483032226562,957.4569702148438
1545825757.355,143024970,267.9689636230469,348.6666564941406,315.0382995605469
1545825765.098249,143039970,821.6514282226562,946.7857055664062,945.4193115234375
1545825791.800419,143054970,265.51727294921875,300.0,296.2626953125
1545825798.881099,143069970,841.654052734375,892.4827880859375,978.4031372070312
1545825825.561399,143084970,115.10816192626953,261.5,149.27029418945312
1545825832.632262,143099970,836.22314453125,944.1481323242188,945.808837890625
1545825859.805588,143114970,124.99954986572266,209.3333282470703,154.648193359375
1545825865.341217,143129970,829.9271850585938,970.7857055664062,955.6438598632812
1545825892.750689,143144970,86.53663635253906,189.5,112.88285064697266
1545825898.202735,143159970,922.4415283203125,977.629638671875,1061.9298095703125
1545825925.728752,143174970,136.21116638183594,309.75,171.14352416992188
1545825931.499268,143189970,887.7333984375,967.6538696289062,1002.3077392578125
1545825959.251346,143204970,135.162841796875,189.0,157.44174194335938
1545825964.808048,143219970,818.72802734375,976.760009765625,934.26611328125
1545825992.413274,143234970,105.30104064941406,229.0,127.12513732910156
1545825999.020676,143249970,751.6970825195312,909.586181640625,856.8783569335938
1545826025.770771,143264970,72.41242218017578,198.75,95.94409942626953
1545826033.439381,143279970,943.5672607421875,975.7777709960938,1081.7213134765625
1545826059.981624,143294970,165.96409606933594,248.2857208251953,202.2494354248047
1545826067.510047,143309970,870.325927734375,982.9583129882812,1002.865966796875
1545826093.951697,143324970,86.88978576660156,194.5,102.87481689453125
1545826100.412846,143339970,947.7796020507812,987.2142944335938,1066.884765625
1545826127.681979,143354970,260.6788330078125,333.6666564941406,306.9151611328125
1545826133.494651,143369970,945.0736694335938,933.3214111328125,1077.8280029296875
1545826160.669034,143384970,181.18626403808594,333.79998779296875,232.36181640625
1545826166.917039,143399970,896.083740234375,956.7307739257812,1024.82470703125
1545826194.179031,143414970,234.82066345214844,322.5,289.24163818359375
1545826199.734155,143429970,800.3253173828125,971.8571166992188,921.5556030273438
1545826232.733233,143459970,836.4359741210938,983.2000122070312,952.3075561523438
1545826260.1925,143474970,40.27985382080078,281.0,70.79849243164062
1545826265.91761,143489970,889.8136596679688,932.933349609375,1003.795654296875
1545826293.322982,143504970,120.25384521484375,240.3333282470703,147.63002014160156
1545826300.122395,143519970,950.923095703125,949.6799926757812,1065.20947265625
1545826326.54053,143534970,114.14973449707031,269.75,143.796142578125
1545826334.183175,143549970,918.59814453125,965.25927734375,1036.3978271484375
1545826360.806869,143564970,198.9130401611328,320.3333435058594,232.5474090576172
1545826368.204159,143579970,892.2144165039062,987.370361328125,1004.9484252929688
1545826394.625289,143594970,297.2084045410156,322.6666564941406,335.029541015625
1545826401.211394,143609970,895.3796997070312,945.75,1011.0245971679688
1545826428.210263,143624970,134.76559448242188,162.5,155.66099548339844
1545826433.940715,143639970,854.8719482421875,964.5714111328125,981.4671630859375
1545826461.128252,143654970,203.57537841796875,285.5,258.5064697265625
1545826466.737571,143669970,864.9885864257812,987.7857055664062,992.7728881835938
1545826495.030947,143684970,114.08097839355469,217.5,142.09951782226562
1545826501.58441,143699970,782.7192993164062,918.5333251953125,899.7658081054688
1545826529.869374,143714970,22.568695068359375,272.5,67.31940460205078
1545826535.644641,143729970,904.6115112304688,998.6071166992188,1017.2896118164062
1545826563.571734,143744970,219.6695556640625,311.79998779296875,258.05157470703125
1545826570.567378,143759970,957.0570678710938,923.8846435546875,1098.263427734375
1545826604.913901,143789970,867.9791870117188,931.5999755859375,977.2692260742188
1545826631.829229,143804970,185.57745361328125,275.0,223.40335083007812
1545826639.053204,143819970,781.9199829101562,961.413818359375,918.507568359375
1545826665.966698,143834970,368.74298095703125,336.0,418.23553466796875
1545826672.182757,143849970,935.7871704101562,958.4444580078125,1059.138427734375
1545826699.65153,143864970,198.09510803222656,291.0,245.31497192382812
1545826705.219243,143879970,873.755615234375,922.629638671875,985.1929931640625
1545826732.549805,143894970,239.28074645996094,373.0,293.689453125
1545826738.027332,143909970,903.0787963867188,945.75,1018.3511352539062
1545826765.584515,143924970,318.62353515625,276.8333435058594,359.6439208984375
1545826771.319544,143939970,1001.6310424804688,984.2083129882812,1118.3798828125
1545826798.773669,143954970,271.7944641113281,295.0,328.4141540527344
1545826804.427161,143969970,946.7891235351562,955.9000244140625,1060.93017578125
1545826832.166689,143984970,156.6439666748047,270.71429443359375,199.8408966064453
1545826839.50049,143999970,914.9476318359375,960.0800170898438,1031.9658203125
1545826865.770447,144014970,74.59588623046875,340.0,120.37478637695312
1545826873.41648,144029970,1037.8023681640625,972.5999755859375,1159.1451416015625
1545826899.728669,144044970,162.0739288330078,433.0,211.1700897216797
1545826907.51457,144059970,872.5366821289062,962.0,992.163330078125
1545826934.133108,144074970,79.16316223144531,202.6666717529297,101.74886322021484
1545826940.588236,144089970,1066.0955810546875,988.9629516601562,1194.9903564453125
1545826967.684682,144104970,229.27294921875,283.0,270.2380065917969
1545826973.309398,144119970,956.91552734375,964.6666870117188,1062.7315673828125
1545827000.683384,144134970,394.6970520019531,330.0,431.3700256347656
1545827006.269878,144149970,986.9494018554688,925.066650390625,1098.34375
1545827033.44722,144164970,79.37567901611328,192.5,80.03802490234375
1545827038.999628,144179970,1060.6312255859375,958.1785888671875,1189.7535400390625
1545827066.752318,144194970,143.11990356445312,232.1666717529297,168.87815856933594
1545827072.296769,144209970,846.079345703125,998.923095703125,974.8668823242188
1545827099.769741,144224970,173.56619262695312,270.25,211.81784057617188
1545827105.381717,144239970,1185.2635498046875,982.8846435546875,1308.5853271484375
1545827139.203302,144269970,1068.7921142578125,1000.0,1192.36572265625
1545827166.722619,144284970,71.33100128173828,194.3333282470703,91.95117950439453
1545827175.155555,144299970,963.8447265625,983.25,1094.464111328125
1545827201.447803,144314970,13.151056289672852,149.0,20.579687118530273
1545827208.790623,144329970,852.091064453125,977.0344848632812,973.5330200195312
1545827235.450725,144344970,195.6653289794922,291.0,221.42442321777344
1545827241.913383,144359970,996.3455200195312,993.8965454101562,1140.6380615234375
1545827269.27366,144374970,199.37351989746094,282.5,237.2751007080078
1545827274.829536,144389970,943.2776489257812,991.5999755859375,1073.9906005859375
1545827301.787152,144404970,96.49938201904297,220.0,134.0841522216797
1545827307.297122,144419970,964.0371704101562,993.27587890625,1077.752685546875
1545827334.868341,144434970,26.772857666015625,190.0,32.19032287597656
1545827340.435233,144449970,995.9879150390625,961.6206665039062,1115.8165283203125
1545827367.882485,144464970,169.6817626953125,264.0,202.2711639404297
1545827373.468068,144479970,718.7300415039062,956.1851806640625,825.1576538085938
1545827406.520377,144509970,967.197998046875,966.5333251953125,1086.4886474609375
1545827433.971889,144524970,306.2497253417969,415.5,362.47393798828125
1545827441.013122,144539970,943.017578125,978.3571166992188,1062.2989501953125
1545827467.690968,144554970,141.65194702148438,233.5,176.32000732421875
1545827475.468425,144569970,873.6240844726562,928.5599975585938,996.5145263671875
1545827501.997884,144584970,105.63328552246094,203.0,125.6408920288086
1545827510.067198,144599970,982.5347290039062,949.25927734375,1106.7174072265625
1545827537.325005,144614970,116.13436126708984,202.0,150.3203582763672
1545827543.034006,144629970,907.1438598632812,956.72412109375,1025.0269775390625
1545827570.510217,144644970,60.7340087890625,195.0,85.5978012084961
1545827576.091964,144659970,787.0218505859375,978.8518676757812,914.5996704101562
1545827603.380844,144674970,120.21448516845703,151.0,141.24859619140625
1545827608.885094,144689970,888.6007690429688,963.5516967773438,1008.3983764648438
1545827636.309842,144704970,103.81537628173828,204.5,118.66078186035156
1545827641.886246,144719970,938.8135375976562,992.3571166992188,1052.76171875
1545827669.46322,144734970,126.98804473876953,272.75,177.61083984375
1545827675.108143,144749970,828.705810546875,941.1481323242188,954.2627563476562
1545827709.015405,144779970,949.7503051757812,976.9666748046875,1075.185791015625
1545827735.590251,144794970,134.5899658203125,227.8000030517578,161.91104125976562
1545827743.237257,144809970,939.6537475585938,943.9629516601562,1057.3076171875
1545827770.609164,144824970,27.75819206237793,158.0,44.388633728027344
1545827778.293199,144839970,940.3250732421875,981.3793334960938,1056.34912109375
1545827804.743563,144854970,244.37344360351562,318.79998779296875,282.38116455078125
1545827811.347493,144869970,1092.9901123046875,964.576904296875,1209.405517578125
1545827838.609463,144884970,182.14349365234375,265.0,213.37879943847656
1545827844.83746,144899970,879.7918701171875,975.7930908203125,987.7928466796875
1545827871.955559,144914970,163.962158203125,303.0,204.19667053222656
1545827877.42561,144929970,875.3788452148438,926.9000244140625,994.9666137695312
1545827904.921117,144944970,105.62107849121094,185.0,124.1720199584961
1545827910.443309,144959970,867.59375,995.8928833007812,985.2718505859375
1545827938.017767,144974970,232.3840789794922,280.0,264.7945861816406
1545827943.664473,144989970,1054.292236328125,979.1428833007812,1195.7115478515625
1545827971.190128,145004970,133.19818115234375,272.3333435058594,172.3962860107422
1545827977.080943,145019970,912.8578491210938,963.9285888671875,1037.032958984375
1545828004.235242,145034970,187.1044464111328,372.6666564941406,242.6489715576172
1545828011.377565,145049970,941.3915405273438,963.3571166992188,1061.672119140625
1545828037.841058,145064970,137.7894744873047,277.0,179.9801025390625
1545828045.596108,145079970,878.4520874023438,927.9629516601562,997.5718994140625
1545828072.272701,145094970,141.91786193847656,257.3333435058594,177.0720977783203
1545828079.325169,145109970,966.5438842773438,954.629638671875,1080.817626953125
1545828106.081681,145124970,372.44000244140625,372.0,417.5740966796875
1545828112.227623,145139970,987.870361328125,986.1034545898438,1121.7618408203125
1545828145.332051,145169970,907.77685546875,909.0,1024.888427734375
1545828172.417935,145184970,374.99700927734375,364.0,435.36480712890625
1545828178.665657,145199970,1083.7269287109375,1000.0,1211.172607421875
1545828205.994693,145214970,306.29345703125,256.5,339.5577087402344
1545828211.593988,145229970,947.0142211914062,972.4285888671875,1072.6904296875
1545828239.255918,145244970,125.68222045898438,192.25,149.61114501953125
1545828244.874714,145259970,977.2979736328125,936.7142944335938,1105.0172119140625
1545828273.088668,145274970,248.93601989746094,402.0,298.2879943847656
1545828279.684724,145289970,896.4827880859375,974.2222290039062,1012.276123046875
1545828306.435954,145304970,72.38706970214844,184.0,98.15795135498047
1545828314.162926,145319970,880.0376586914062,992.72412109375,998.099609375
1545828340.902829,145334970,249.54733276367188,344.5,282.5596923828125
1545828348.563513,145349970,1012.4417114257812,968.6785888671875,1127.028564453125
1545828375.114617,145364970,220.44276428222656,247.5,252.83163452148438
1545828381.733608,145379970,892.1934204101562,952.1034545898438,992.8075561523438
1545828408.874586,145394970,216.76171875,282.75,246.58425903320312
1545828414.405278,145409970,1022.5827026367188,951.6428833007812,1141.5814208984375
1545828441.663554,145424970,242.8218994140625,324.0,282.1180419921875
1545828447.077685,145439970,1011.6676635742188,978.1851806640625,1138.357666015625
1545828474.538082,145454970,95.5723876953125,225.0,122.57518005371094
1545828479.927763,145469970,971.7806396484375,989.6799926757812,1097.9951171875
1545828507.434854,145484970,349.9673767089844,359.5,400.5196838378906
1545828513.701151,145499970,975.5972290039062,969.375,1096.0906982421875
1545828541.325209,145514970,107.82814025878906,282.5,145.39810180664062
1545828547.087258,145529970,983.1102294921875,1000.0,1115.04345703125
1545828574.410781,145544970,146.74002075195312,196.0,169.8832550048828
1545828581.589981,145559970,908.8956909179688,970.75,1012.5772094726562
1545828607.950345,145574970,275.8101501464844,322.6666564941406,307.3092346191406
1545828615.661174,145589970,771.1879272460938,977.0,886.5988159179688
1545828642.037268,145604970,50.22571563720703,166.0,69.67556762695312
1545828649.471732,145619970,976.4744262695312,971.5999755859375,1095.05322265625
1545828676.257289,145634970,267.6002197265625,409.5,316.4897766113281
1545828682.39723,145649970,896.4407348632812,954.5555419921875,1015.1788330078125
1545828715.22827,145679970,982.8739624023438,984.566650390625,1099.8284912109375
1545828742.48385,145694970,328.0316162109375,406.0,367.6429138183594
1545828747.922641,145709970,948.8972778320312,966.1034545898438,1073.7303466796875
1545828775.327412,145724970,179.3871307373047,265.0,213.1680450439453
1545828780.957996,145739970,935.3678588867188,925.2069091796875,1052.3255615234375
1545828808.581058,145754970,222.86227416992188,372.25,272.9652099609375
1545828814.17631,145769970,951.74267578125,950.8518676757812,1069.10595703125
1545828841.972897,145784970,59.4520263671875,285.0,80.15034484863281
1545828848.865107,145799970,836.3157348632812,965.0357055664062,949.8771362304688
1545828875.314945,145814970,200.8035888671875,336.5,245.47662353515625
1545828882.840901,145829970,892.8372802734375,947.4285888671875,994.8372802734375
1545828909.410872,145844970,328.6428527832031,387.0,388.6307373046875
1545828916.961206,145859970,919.5969848632812,958.111083984375,1035.71435546875
1545828943.682674,145874970,197.49258422851562,283.25,242.5491943359375
1545828950.533814,145889970,987.2141723632812,995.1851806640625,1097.5919189453125
1545828977.849269,145904970,115.4222640991211,147.0,126.2195053100586
1545828983.795939,145919970,941.7039794921875,983.72412109375,1047.082275390625
1545829011.189429,145934970,120.19402313232422,193.0,154.90101623535156
1545829016.708829,145949970,1060.496337890625,961.2413940429688,1175.00830078125
1545829044.230264,145964970,164.6578369140625,221.0,187.31324768066406
1545829049.649683,145979970,880.4537963867188,979.7777709960938,984.7271118164062
1545829082.383961,146009970,902.9742431640625,992.3333129882812,998.8743286132812
1545829109.672978,146024970,240.9197540283203,313.0,285.135986328125
1545829115.229393,146039970,1093.8345947265625,975.629638671875,1208.9677734375
1545829142.82871,146054970,426.4154357910156,445.0,483.4419860839844
1545829149.299715,146069970,915.5818481445312,980.7930908203125,1023.4784545898438
1545829176.202492,146084970,133.07362365722656,206.0,158.3834686279297
1545829185.012103,146099970,992.577392578125,984.72412109375,1116.7535400390625
1545829211.44303,146114970,16.653953552246094,131.0,35.772125244140625
1545829219.02398,146129970,986.0265502929688,988.7930908203125,1099.2015380859375
1545829245.436456,146144970,171.86166381835938,198.0,197.78619384765625
1545829251.761611,146159970,1047.1192626953125,985.0714111328125,1157.072021484375
1545829279.016791,146174970,141.4752960205078,308.0,155.97581481933594
1545829284.566741,146189970,1004.0601806640625,958.2000122070312,1115.0804443359375
1545829311.793882,146204970,38.69291305541992,165.75,61.04021453857422
1545829317.279211,146219970,841.028564453125,955.1538696289062,945.7935180664062
1545829344.466846,146234970,149.04075622558594,314.5,183.96693420410156
1545829349.89919,146249970,885.9957275390625,988.4285888671875,1003.9800415039062
1545829377.290102,146264970,142.2847442626953,239.0,178.84100341796875
1545829382.904708,146279970,885.7120361328125,981.5516967773438,994.8921508789062
1545829410.486455,146294970,284.64129638671875,320.0,324.9621276855469
1545829416.09256,146309970,1175.158935546875,990.586181640625,1293.338134765625
1545829443.569007,146324970,127.35603332519531,202.8000030517578,147.07728576660156
1545829450.312433,146339970,861.3404541015625,963.4400024414062,983.5216674804688
1545829476.847123,146354970,86.80027770996094,143.0,100.7239990234375
1545829484.590232,146369970,958.7144165039062,991.9642944335938,1073.5733642578125
1545829510.672151,146384970,96.35103607177734,236.5,124.32560729980469
1545829519.031227,146399970,927.5262451171875,989.7857055664062,1035.367919921875
1545829551.896846,146429970,1048.0323486328125,1000.0,1179.9320068359375
1545829579.524733,146444970,259.5830078125,325.5,284.96234130859375
1545829584.984769,146459970,1108.91796875,983.0714111328125,1236.269287109375
1545829617.544742,146489970,999.5105590820312,984.5,1106.9029541015625
1545829644.942595,146504970,423.12835693359375,416.0,458.244384765625
1545829650.415037,146519970,897.4492797851562,1000.0,994.9031372070312
1545829683.473857,146549970,973.180908203125,980.6666870117188,1090.1197509765625
1545829710.805635,146564970,106.79544830322266,212.5,134.7313232421875
1545829716.45716,146579970,841.797119140625,957.1481323242188,942.9403686523438
1545829743.852722,146594970,215.56588745117188,280.75,248.2215576171875
1545829750.672647,146609970,934.3472290039062,973.370361328125,1049.5006103515625
1545829776.92954,146624970,323.594970703125,471.0,398.6563720703125
1545829784.618901,146639970,1011.7239379882812,980.3448486328125,1141.4205322265625
1545829811.195805,146654970,265.3181457519531,306.0,282.36468505859375
1545829818.715404,146669970,947.0226440429688,972.7930908203125,1060.88671875
1545829845.053655,146684970,215.56105041503906,330.0,246.3687744140625
1545829852.335402,146699970,964.6251220703125,986.5,1071.7039794921875
1545829879.738023,146714970,32.896427154541016,105.0,39.00889205932617
1545829885.247104,146729970,976.1896362304688,1000.0,1109.0877685546875
1545829912.475445,146744970,109.0469970703125,274.0,135.95606994628906
1545829917.915256,146759970,967.593994140625,986.370361328125,1096.15771484375
1545829945.228489,146774970,184.94842529296875,269.0,200.57308959960938
1545829950.682637,146789970,1117.1475830078125,996.0,1232.67236328125
1545829983.832205,146819970,942.6692504882812,991.5999755859375,1062.0506591796875
1545830011.360857,146834970,75.70841979980469,194.0,95.9655990600586
1545830017.19729,146849970,814.0574340820312,958.2000122070312,933.9740600585938
1545830044.31085,146864970,199.5360870361328,395.0,237.10693359375
1545830051.186163,146879970,933.8646240234375,1000.0,1046.8212890625
1545830077.784715,146894970,208.740966796875,320.0,246.10887145996094
1545830085.530849,146909970,1078.8687744140625,961.6896362304688,1194.5980224609375
1545830119.293681,146939970,988.1806640625,987.4666748046875,1117.6981201171875
1545830145.741732,146954970,145.5587158203125,252.0,185.05409240722656
1545830152.171828,146969970,1037.2542724609375,966.9285888671875,1147.418701171875
1545830180.16188,146984970,197.2617645263672,298.75,233.94540405273438
1545830186.490864,146999970,878.1823120117188,958.8148193359375,987.3799438476562
1545830213.962911,147014970,96.36714935302734,169.0,118.420654296875
1545830219.515238,147029970,933.146728515625,976.5172119140625,1039.0693359375
1545830246.902342,147044970,146.98733520507812,237.5,177.58993530273438
1545830252.526643,147059970,888.3588256835938,1000.0,1009.7153930664062
1545830279.665071,147074970,153.7481689453125,301.5,181.48130798339844
1545830285.249102,147089970,1029.708251953125,984.5,1143.3485107421875
1545830313.558229,147104970,311.29931640625,303.0,344.8684997558594
1545830320.340992,147119970,848.2005004882812,971.9285888671875,948.3785400390625
1545830346.724474,147134970,263.3454895019531,315.0,305.68206787109375
1545830354.444876,147149970,791.0472412109375,915.2666625976562,891.2607421875
1545830381.012694,147164970,226.7218780517578,427.0,290.4952087402344
1545830388.603661,147179970,884.134521484375,982.111083984375,1008.7423095703125
1545830415.004646,147194970,120.56684112548828,247.25,158.49276733398438
1545830421.468589,147209970,1001.1692504882812,991.423095703125,1126.364013671875
1545830448.840074,147224970,331.50836181640625,373.0,361.6460876464844
1545830454.522252,147239970,1030.1702880859375,990.137939453125,1146.9830322265625
1545830481.770029,147254970,204.32083129882812,336.0,252.5417022705078
1545830487.188148,147269970,960.1609497070312,962.2333374023438,1077.1624755859375
1545830514.617684,147284970,187.806884765625,269.5,227.31309509277344
1545830520.911636,147299970,1095.197509765625,975.4285888671875,1212.5400390625
1545830548.361697,147314970,270.2860412597656,356.0,325.0186767578125
1545830553.978055,147329970,945.2766723632812,959.7586059570312,1059.7869873046875
1545830581.358906,147344970,227.70977783203125,438.0,285.11822509765625
1545830587.034072,147359970,943.9834594726562,995.1785888671875,1067.9659423828125
1545830620.599108,147389970,895.3698120117188,994.6333618164062,1021.0380249023438
1545830646.943132,147404970,512.9863891601562,424.0,559.148193359375
1545830654.717986,147419970,881.3283081054688,949.6666870117188,996.0956420898438
1545830680.922841,147434970,432.9304504394531,496.0,488.0868225097656
1545830688.536006,147449970,1125.3145751953125,974.8965454101562,1255.7147216796875
1545830714.909738,147464970,152.44078063964844,262.0,178.78506469726562
1545830721.642248,147479970,862.1068115234375,972.4642944335938,979.2279052734375
1545830748.580923,147494970,429.03948974609375,450.0,484.67608642578125
1545830754.23145,147509970,915.7741088867188,989.8928833007812,1024.125732421875
1545830781.657697,147524970,55.86878204345703,145.5,76.77265167236328
1545830787.113553,147539970,1016.5594482421875,987.0714111328125,1135.5582275390625
1545830814.321914,147554970,351.986083984375,291.0,388.9146728515625
1545830819.795098,147569970,1031.3336181640625,990.6206665039062,1146.5621337890625
1545830847.127439,147584970,74.20771026611328,202.3333282470703,100.70568084716797
1545830853.49458,147599970,960.7267456054688,970.75,1070.6580810546875
1545830880.778555,147614970,276.67742919921875,406.0,348.17230224609375
1545830886.348466,147629970,997.1318359375,982.5357055664062,1110.5087890625
1545830913.729893,147644970,273.0485534667969,449.0,335.8583679199219
1545830920.431669,147659970,980.5448608398438,956.6428833007812,1076.8214111328125
1545830946.891002,147674970,209.26681518554688,329.5,255.23805236816406
1545830954.660566,147689970,976.4008178710938,976.3571166992188,1103.2860107421875
1545830981.218191,147704970,172.60350036621094,254.5,203.88864135742188
1545830988.811236,147719970,894.814697265625,984.9615478515625,1004.0125732421875
1545831015.178851,147734970,183.24481201171875,434.3333435058594,228.36474609375
1545831021.907353,147749970,1037.2032470703125,983.5925903320312,1162.5218505859375
1545831054.725881,147779970,1042.822265625,974.2999877929688,1162.34228515625
1545831081.897243,147794970,224.95040893554688,271.5,263.82403564453125
1545831087.306948,147809970,963.1767578125,1000.0,1093.4595947265625
1545831120.083178,147839970,904.8439331054688,983.8666381835938,1027.160400390625
1545831147.368022,147854970,582.5015869140625,404.0,630.2557983398438
1545831152.881392,147869970,1069.5037841796875,987.72412109375,1189.3065185546875
1545831180.265934,147884970,122.27435302734375,253.0,152.09075927734375
1545831186.765182,147899970,922.7416381835938,979.1785888671875,1056.000244140625
1545831214.103136,147914970,220.85215759277344,448.0,275.5796813964844
1545831220.941293,147929970,979.019775390625,950.5516967773438,1091.0091552734375
1545831247.449913,147944970,191.02757263183594,271.0,221.2662811279297
1545831255.14412,147959970,1078.470458984375,1000.0,1210.716552734375
1545831281.854184,147974970,205.76971435546875,320.3333435058594,237.69703674316406
1545831289.289068,147989970,989.15771484375,995.4074096679688,1127.03173828125
1545831315.703525,148004970,201.43994140625,379.0,235.32925415039062
1545831322.177749,148019970,938.3529052734375,936.3793334960938,1050.20849609375
1545831349.409245,148034970,249.83718872070312,375.5,282.9881286621094
1545831355.130838,148049970,970.6544799804688,972.1071166992188,1115.9093017578125
1545831382.918322,148064970,202.0022430419922,281.3333435058594,242.8199005126953
1545831388.409056,148079970,1057.8807373046875,976.4815063476562,1173.426025390625
1545831415.744293,148094970,189.65928649902344,271.6666564941406,230.84765625
1545831421.357121,148109970,1062.8602294921875,991.0740966796875,1198.649169921875
1545831448.97093,148124970,108.32247924804688,196.3333282470703,130.45274353027344
1545831454.52954,148139970,1025.99072265625,984.2963256835938,1154.6400146484375
1545831481.911555,148154970,138.3026885986328,204.0,163.9512481689453
1545831487.976948,148169970,1085.5721435546875,985.1785888671875,1210.5362548828125
1545831514.997205,148184970,224.77120971679688,407.0,280.1502990722656
1545831523.033893,148199970,1101.5697021484375,974.2069091796875,1239.6285400390625
1545831549.547532,148214970,132.39430236816406,265.3333435058594,176.762451171875
1545831557.220127,148229970,873.6651000976562,987.1481323242188,990.864501953125
1545831590.652299,148259970,957.2217407226562,978.7333374023438,1078.703857421875
1545831617.497062,148274970,136.06373596191406,269.0,167.0177764892578
1545831623.379514,148289970,993.1181640625,1000.0,1105.5821533203125
1545831650.615281,148304970,111.97077178955078,233.0,148.7706756591797
1545831656.082365,148319970,1048.093017578125,984.4285888671875,1184.472412109375
1545831683.530212,148334970,48.58781433105469,206.0,72.53904724121094
1545831688.944807,148349970,1048.5137939453125,988.0689697265625,1185.0655517578125
1545831716.357643,148364970,247.9326629638672,302.0,273.3296813964844
1545831722.004679,148379970,909.4608764648438,953.6785888671875,1022.3912963867188
1545831749.318968,148394970,182.81765747070312,394.0,241.28872680664062
1545831754.924698,148409970,972.163818359375,947.566650390625,1096.114990234375
1545831782.551987,148424970,99.11920166015625,223.5,121.18798065185547
1545831788.62586,148439970,1034.987060546875,1000.0,1155.017578125
1545831815.287613,148454970,22.980295181274414,136.0,30.42800521850586
1545831822.561991,148469970,856.4039306640625,966.5516967773438,982.4264526367188
1545831849.242381,148484970,243.44264221191406,318.25,281.0345458984375
1545831857.777258,148499970,1054.8411865234375,977.370361328125,1181.75048828125
1545831883.867588,148514970,48.72423553466797,159.0,68.42355346679688
1545831890.768666,148529970,1124.546875,1000.0,1259.871337890625
1545831917.610252,148544970,152.2025146484375,274.0,205.0809326171875
1545831923.678532,148559970,939.5317993164062,937.7666625976562,1068.8912353515625
1545831950.918283,148574970,208.747802734375,333.0,254.74002075195312
1545831956.347475,148589970,947.050537109375,1000.0,1073.197998046875
1545831984.014771,148604970,143.32298278808594,245.0,180.4986572265625
1545831989.391229,148619970,960.4918212890625,982.5,1089.141845703125
1545832016.712445,148634970,167.96450805664062,247.0,220.00294494628906
1545832022.278337,148649970,1102.154541015625,984.862060546875,1218.133544921875
1545832049.598494,148664970,187.433349609375,258.28570556640625,227.5290985107422
1545832055.157084,148679970,1058.8857421875,985.521728515625,1175.5413818359375
1545832082.929391,148694970,171.31752014160156,257.3333435058594,208.8419189453125
1545832089.176068,148709970,925.681884765625,973.2222290039062,1030.9935302734375
1545832116.261442,148724970,292.89849853515625,307.25,336.689453125
1545832123.827263,148739970,926.681884765625,978.6153564453125,1048.6617431640625
1545832150.107248,148754970,282.2594909667969,286.6666564941406,319.6068115234375
1545832157.780063,148769970,988.8502807617188,979.629638671875,1123.51416015625
1545832184.320652,148784970,115.39373779296875,213.0,139.35035705566406
1545832192.074122,148799970,1033.516357421875,971.4615478515625,1148.0362548828125
1545832219.46851,148814970,241.61965942382812,378.25,288.22357177734375
1545832225.056621,148829970,925.424560546875,951.5,1044.54443359375
1545832257.841041,148859970,930.543212890625,951.258056640625,1047.6424560546875
1545832285.182359,148874970,369.103271484375,316.0,426.9390869140625
1545832290.697462,148889970,1043.075439453125,981.0689697265625,1161.955322265625
1545832318.214791,148904970,185.2120361328125,253.5,221.6732177734375
1545832323.753776,148919970,989.8184204101562,1000.0,1100.7447509765625
1545832351.301959,148934970,83.1068115234375,399.0,116.88776397705078
1545832356.9507,148949970,1021.7410888671875,997.862060546875,1149.18798828125
1545832384.31761,148964970,153.3614044189453,179.5,173.95289611816406
1545832391.176454,148979970,998.8423461914062,990.2142944335938,1114.8956298828125
1545832417.69388,148994970,450.7858581542969,490.0,507.92919921875
1545832425.403947,149009970,1000.2259521484375,1000.0,1128.286865234375
1545832451.830083,149024970,366.5311584472656,435.5,424.17486572265625
1545832459.367974,149039970,989.8760375976562,975.0,1122.2894287109375
1545832485.699503,149054970,243.06869506835938,424.0,307.056884765625
1545832492.220783,149069970,1060.9091796875,1000.0,1182.5751953125
1545832519.434901,149084970,143.34474182128906,193.3333282470703,167.83692932128906
1545832525.775035,149099970,1047.90576171875,972.9629516601562,1172.698974609375
1545832553.104268,149114970,290.9729919433594,274.0,337.69610595703125
1545832558.552267,149129970,962.0502319335938,983.1785888671875,1089.2420654296875
1545832586.224704,149144970,230.48268127441406,408.0,286.18896484375
1545832591.81425,149159970,1064.789306640625,990.0689697265625,1188.893310546875
1545832619.010451,149174970,60.667781829833984,291.0,85.4803237915039
1545832624.616371,149189970,930.6793212890625,986.25927734375,1042.4735107421875
1545832652.35317,149204970,134.0038604736328,298.5,188.5948486328125
1545832658.489382,149219970,881.2783203125,977.25,993.8399658203125
1545832692.453594,149249970,986.286376953125,962.5333251953125,1110.547119140625
1545832718.628219,149264970,90.60037231445312,187.0,122.90177154541016
1545832726.338545,149279970,961.2401733398438,977.5172119140625,1074.7117919921875
1545832752.784135,149294970,142.82046508789062,280.75,167.6696319580078
1545832760.043392,149309970,993.3928833007812,966.370361328125,1121.193603515625
1545832786.638489,149324970,93.43331909179688,173.0,111.23341369628906
1545832792.91557,149339970,985.05224609375,993.0714111328125,1105.4964599609375
1545832820.221704,149354970,301.37945556640625,337.0,345.8034362792969
1545832825.740851,149369970,1135.2235107421875,989.6785888671875,1257.6435546875
1545832853.146764,149384970,370.6545104980469,388.25,420.9657897949219
1545832859.5117,149399970,914.6466064453125,957.8846435546875,1037.493896484375
1545832887.156349,149414970,80.86091613769531,230.0,102.1683349609375
1545832892.73279,149429970,881.4564819335938,953.0357055664062,1012.5813598632812
1545832919.960633,149444970,176.86282348632812,271.0,229.50694274902344
1545832925.689309,149459970,952.2437133789062,972.5714111328125,1075.2625732421875
1545832953.956793,149474970,433.8458251953125,450.3333435058594,483.9683837890625
1545832960.635141,149489970,934.6304321289062,982.0,1066.16552734375
1545832987.293541,149504970,209.03289794921875,382.0,264.77593994140625
1545832995.035322,149519970,819.72265625,968.6896362304688,922.1912841796875
1545833021.482123,149534970,195.46315002441406,351.0,248.76254272460938
1545833029.116967,149549970,1140.959716796875,986.137939453125,1274.84619140625
1545833055.929635,149564970,235.64974975585938,258.0,277.1697998046875
1545833062.634536,149579970,1116.4512939453125,984.5714111328125,1243.0623779296875
1545833089.904735,149594970,250.14524841308594,377.6666564941406,296.8936767578125
1545833095.477271,149609970,945.7130126953125,993.8518676757812,1071.76220703125
1545833123.076144,149624970,62.354549407958984,132.6666717529297,85.1839370727539
1545833128.605096,149639970,1165.9117431640625,971.6666870117188,1303.8837890625
1545833155.827195,149654970,124.75871276855469,267.5,171.73406982421875
1545833161.490029,149669970,949.3382568359375,951.5172119140625,1072.79052734375
1545833189.07783,149684970,198.5693817138672,318.5,240.32681274414062
1545833195.360694,149699970,1158.2366943359375,984.75,1283.86328125
1545833223.017766,149714970,111.7188720703125,451.0,130.3058319091797
1545833229.257058,149729970,1090.6917724609375,986.2069091796875,1224.2158203125
1545833256.074858,149744970,247.5924835205078,274.3333435058594,292.5950622558594
1545833263.543964,149759970,1098.833740234375,983.5184936523438,1218.6065673828125
1545833290.064117,149774970,389.8692626953125,363.0,443.5282287597656
1545833297.750703,149789970,1069.3966064453125,970.862060546875,1193.8009033203125
1545833324.402712,149804970,202.59817504882812,244.0,222.21324157714844
1545833331.317302,149819970,991.8441772460938,969.0,1119.4090576171875
1545833358.656464,149834970,316.39044189453125,216.0,340.1746520996094
1545833364.630608,149849970,998.962158203125,986.137939453125,1117.2769775390625
1545833392.064809,149864970,138.7656707763672,240.3333282470703,175.23622131347656
1545833397.554682,149879970,975.3961181640625,982.1481323242188,1107.0833740234375
1545833424.910077,149894970,196.08795166015625,220.0,221.90277099609375
1545833430.492456,149909970,1000.3616943359375,910.6896362304688,1118.2176513671875
1545833458.133373,149924970,120.10328674316406,337.0,167.47161865234375
1545833463.772539,149939970,935.897705078125,959.2307739257812,1058.5758056640625
1545833491.051329,149954970,269.79364013671875,378.0,315.3334045410156
1545833496.602139,149969970,970.068359375,989.5172119140625,1088.3031005859375
1545833524.902267,149984970,100.72664642333984,243.3333282470703,126.3878173828125
1545833532.559659,149999970,1027.864990234375,1000.0,1159.7584228515625
